<?xml version="1.0" encoding="UTF-8" ?>
<module>
    <name>telegramorderalert</name>
    <displayName><![CDATA[Telegram Уведомления]]></displayName>
    <version><![CDATA[1.1]]></version>
    <description><![CDATA[С помощью этого модуля вы можете настроить уведомление в Telegram о новом заказе и изменении статуса заказа в магазине.]]></description>
    <author><![CDATA[Oleh Vasylyev]]></author>
    <tab><![CDATA[back_office_features]]></tab>
	<confirmUninstall><![CDATA[Вы уверены, что хотите удалить этот модуль?]]></confirmUninstall>
    <is_configurable>1</is_configurable>
    <need_instance>0</need_instance>
	<limited_countries></limited_countries>
</module>